{"schemaVersion":"1.0","appDefinitionTemplate":{"id":"/providers/Microsoft.PowerApps/apps/","type":"Microsoft.PowerApps/apps","tags":{"primaryDeviceWidth":"1366","primaryDeviceHeight":"768","supportsPortrait":"true","supportsLandscape":"true","primaryFormFactor":"Tablet","publisherVersion":"3.22042.8","minimumRequiredApiVersion":"2.2.0","hasComponent":"false","hasUnlockedComponent":"false","isUnifiedRootApp":"false","sienaVersion":"20220428T112822Z-3.22042.8.0"},"properties":{"appVersion":"2022-04-28T11:28:22Z","lifeCycleId":"Published","createdByClientVersion":{"major":3,"minor":22042,"build":8,"revision":0,"majorRevision":0,"minorRevision":0},"minClientVersion":{"major":3,"minor":22042,"build":8,"revision":0,"majorRevision":0,"minorRevision":0},"backgroundColor":"RGBA(0,176,240,1)","backgroundImageUri":"/177387130050088511/N8cbcd7e6-3cb0-4cd1-b669-ea9636ffca52-logoSmallFile","displayName":"Customer Support Management","description":"","commitMessage":"","appUris":{"documentUri":{"value":"/177387130050088511/Nd9899625-196b-4c14-b935-45fb3a332644-document.msapp"},"imageUris":[]},"createdTime":"0001-01-01T00:00:00Z","lastModifiedTime":"0001-01-01T00:00:00Z","sharedGroupsCount":0,"sharedUsersCount":0,"icons":{"smallIconUri":"/177387130050088511/N98076c9b-da05-448d-80e5-a252c681eefa-small.png","mediumIconUri":"/177387130050088511/N1ff3f770-4469-4c24-9581-64564760ea5c-medium.png","largeIconUri":"/177387130050088511/Nbae5d980-8a86-45bf-8fe0-4e3cf60dbb44-large.png","wideIconUri":"/177387130050088511/N0f9e5a29-aedc-4061-8f1c-137bcbed406b-wide.png"},"connectionReferences":{},"databaseReferences":{},"almMode":"Environment","performanceOptimizationEnabled":true,"canConsumeAppPass":true,"executionRestrictions":{"isTeamsOnly":false,"dataLossPreventionEvaluationResult":{"status":"Compliant","lastEvaluationDate":"2022-04-28T11:28:38.4563602Z","violations":[],"violationsByPolicy":[],"violationErrorMessage":"The app uses the following connectors: ."}}},"appType":"ClassicCanvasApp","appComponents":[]}}